,precision,recall,f1-score,support
favela,0.9775596072931276,0.9561042524005487,0.9667128987517337,729.0
not-favela,0.9153439153439153,0.9558011049723757,0.9351351351351351,362.0
accuracy,0.9560036663611365,0.9560036663611365,0.9560036663611365,0.9560036663611365
macro avg,0.9464517613185215,0.9559526786864623,0.9509240169434344,1091.0
weighted avg,0.9569160871413268,0.9560036663611365,0.9562352173317442,1091.0
