,precision,recall,f1-score,support
favela,0.9597030752916225,0.9637912673056444,0.9617428267800212,939.0
not-favela,0.9141414141414141,0.905,0.9095477386934674,400.0
accuracy,0.9462285287528006,0.9462285287528006,0.9462285287528006,0.9462285287528006
macro avg,0.9369222447165183,0.9343956336528222,0.9356452827367443,1339.0
weighted avg,0.9460924222221054,0.9462285287528006,0.9461505674561813,1339.0
