,precision,recall,f1-score,support
favela,0.9037974683544304,0.8925,0.8981132075471698,400.0
not-favela,0.9544491525423728,0.9595314164004259,0.9569835369091875,939.0
accuracy,0.9395070948469006,0.9395070948469006,0.9395070948469006,0.9395070948469006
macro avg,0.9291233104484016,0.926015708200213,0.9275483722281787,1339.0
weighted avg,0.9393179548760718,0.9395070948469006,0.9393971801169493,1339.0
