,precision,recall,f1-score,support
favela,0.9567966280295047,0.966986155484558,0.961864406779661,939.0
not-favela,0.9205128205128205,0.8975,0.9088607594936708,400.0
accuracy,0.9462285287528006,0.9462285287528006,0.9462285287528006,0.9462285287528006
macro avg,0.9386547242711626,0.932243077742279,0.9353625831366659,1339.0
weighted avg,0.9459575518482696,0.9462285287528006,0.9460306062461314,1339.0
