,precision,recall,f1-score,support
favela,0.9157323688969259,0.935352789065386,0.9254385964912281,2707.0
not-favela,0.9025612472160356,0.8743257820927723,0.8882191780821918,1854.0
accuracy,0.9105459329094496,0.9105459329094496,0.9105459329094496,0.9105459329094496
macro avg,0.9091468080564807,0.9048392855790792,0.9068288872867099,4561.0
weighted avg,0.9103784422149768,0.9105459329094496,0.9103092823648625,4561.0
