,precision,recall,f1-score,support
favela,0.9018743109151047,0.8824163969795038,0.8920392584514721,1854.0
not-favela,0.9206406989443029,0.9342445511636498,0.9273927392739274,2707.0
accuracy,0.9131769348827011,0.9131769348827011,0.9131769348827011,0.9131769348827011
macro avg,0.9112575049297038,0.9083304740715767,0.9097159988626997,4561.0
weighted avg,0.9130123535362492,0.9131769348827011,0.9130219097530259,4561.0
