,precision,recall,f1-score,support
favela,0.9767002518891688,0.9742462311557789,0.9754716981132076,3184.0
not-favela,0.9796727813584531,0.9816194734227521,0.9806451612903225,4026.0
accuracy,0.9783633841886269,0.9783633841886269,0.9783633841886269,0.9783633841886269
macro avg,0.978186516623811,0.9779328522892655,0.978058429701765,7210.0
weighted avg,0.97836008595898,0.9783633841886269,0.9783605140287506,7210.0
