{
    "faz_quem_quer": {
        "accuracy": 34.53389830508475,
        "classification_report": {
            "favela": {
                "precision": 0.6578947368421053,
                "recall": 0.21739130434782608,
                "f1-score": 0.32679738562091504,
                "support": 690.0
            },
            "not-favela": {
                "precision": 0.24581005586592178,
                "recall": 0.6929133858267716,
                "f1-score": 0.3628865979381443,
                "support": 254.0
            },
            "accuracy": 0.3453389830508475,
            "macro avg": {
                "precision": 0.45185239635401353,
                "recall": 0.45515234508729885,
                "f1-score": 0.3448419917795297,
                "support": 944.0
            },
            "weighted avg": {
                "precision": 0.547016019715039,
                "recall": 0.3453389830508475,
                "f1-score": 0.33650783046050853,
                "support": 944.0
            }
        }
    },
    "jacarezinho": {
        "accuracy": 78.08645533141211,
        "classification_report": {
            "favela": {
                "precision": 0.8871741397288843,
                "recall": 0.757748485928037,
                "f1-score": 0.8173695840138342,
                "support": 5614.0
            },
            "not-favela": {
                "precision": 0.6494845360824743,
                "recall": 0.8232603724273113,
                "f1-score": 0.7261201555971762,
                "support": 3061.0
            },
            "accuracy": 0.7808645533141211,
            "macro avg": {
                "precision": 0.7683293379056793,
                "recall": 0.7905044291776742,
                "f1-score": 0.7717448698055052,
                "support": 8675.0
            },
            "weighted avg": {
                "precision": 0.8033046438485776,
                "recall": 0.7808645533141211,
                "f1-score": 0.7851719470820313,
                "support": 8675.0
            }
        }
    },
    "morro_da_guaiba": {
        "accuracy": 55.86258401792382,
        "classification_report": {
            "favela": {
                "precision": 0.752906976744186,
                "recall": 0.5516506922257721,
                "f1-score": 0.6367547633681623,
                "support": 939.0
            },
            "not-favela": {
                "precision": 0.3533026113671275,
                "recall": 0.575,
                "f1-score": 0.43767840152235965,
                "support": 400.0
            },
            "accuracy": 0.5586258401792382,
            "macro avg": {
                "precision": 0.5531047940556568,
                "recall": 0.563325346112886,
                "f1-score": 0.5372165824452609,
                "support": 1339.0
            },
            "weighted avg": {
                "precision": 0.6335330065045868,
                "recall": 0.5586258401792382,
                "f1-score": 0.5772846029960031,
                "support": 1339.0
            }
        }
    },
    "nova_cidade": {
        "accuracy": 56.639566395663955,
        "classification_report": {
            "favela": {
                "precision": 0.84958071278826,
                "recall": 0.47480960749853546,
                "f1-score": 0.6091694851559564,
                "support": 3414.0
            },
            "not-favela": {
                "precision": 0.3793700242298373,
                "recall": 0.7924801156905278,
                "f1-score": 0.5131086142322098,
                "support": 1383.0
            },
            "accuracy": 0.5663956639566395,
            "macro avg": {
                "precision": 0.6144753685090486,
                "recall": 0.6336448615945316,
                "f1-score": 0.5611390496940831,
                "support": 4797.0
            },
            "weighted avg": {
                "precision": 0.7140165305334553,
                "recall": 0.5663956639566395,
                "f1-score": 0.5814746374412302,
                "support": 4797.0
            }
        }
    },
    "rocinha": {
        "accuracy": 97.75312066574202,
        "classification_report": {
            "favela": {
                "precision": 0.9757556675062973,
                "recall": 0.9733040201005025,
                "f1-score": 0.9745283018867924,
                "support": 3184.0
            },
            "not-favela": {
                "precision": 0.9789291026276649,
                "recall": 0.9808743169398907,
                "f1-score": 0.9799007444168735,
                "support": 4026.0
            },
            "accuracy": 0.9775312066574202,
            "macro avg": {
                "precision": 0.9773423850669811,
                "recall": 0.9770891685201966,
                "f1-score": 0.977214523151833,
                "support": 7210.0
            },
            "weighted avg": {
                "precision": 0.9775276855088805,
                "recall": 0.9775312066574202,
                "f1-score": 0.9775282261067794,
                "support": 7210.0
            }
        }
    }
}