,precision,recall,f1-score,support
favela,0.9757556675062973,0.9733040201005025,0.9745283018867924,3184.0
not-favela,0.9789291026276649,0.9808743169398907,0.9799007444168735,4026.0
accuracy,0.9775312066574202,0.9775312066574202,0.9775312066574202,0.9775312066574202
macro avg,0.9773423850669811,0.9770891685201966,0.977214523151833,7210.0
weighted avg,0.9775276855088805,0.9775312066574202,0.9775282261067794,7210.0
