,precision,recall,f1-score,support
favela,0.8436520376175548,0.8380692876605683,0.8408513962116774,2569.0
not-favela,0.8105646630236795,0.8168884809545663,0.8137142857142857,2179.0
accuracy,0.8283487784330245,0.8283487784330245,0.8283487784330245,0.8283487784330245
macro avg,0.8271083503206171,0.8274788843075673,0.8272828409629815,4748.0
weighted avg,0.8284672462864565,0.8283487784330245,0.8283973600335358,4748.0
