,precision,recall,f1-score,support
favela,0.9548489107519326,0.9681154257214107,0.9614364054484345,5614.0
not-favela,0.9399932953402614,0.9160405096373734,0.927862342819325,3061.0
accuracy,0.9497406340057637,0.9497406340057637,0.9497406340057637,0.9497406340057637
macro avg,0.9474211030460971,0.942077967679392,0.9446493741338797,8675.0
weighted avg,0.949607061901774,0.9497406340057637,0.9495896958567681,8675.0
