{
    "faz_quem_quer": {
        "accuracy": 70.76271186440678,
        "classification_report": {
            "favela": {
                "precision": 0.7653846153846153,
                "recall": 0.8652173913043478,
                "f1-score": 0.8122448979591836,
                "support": 690.0
            },
            "not-favela": {
                "precision": 0.4329268292682927,
                "recall": 0.2795275590551181,
                "f1-score": 0.3397129186602871,
                "support": 254.0
            },
            "accuracy": 0.7076271186440678,
            "macro avg": {
                "precision": 0.599155722326454,
                "recall": 0.572372475179733,
                "f1-score": 0.5759789083097353,
                "support": 944.0
            },
            "weighted avg": {
                "precision": 0.6759309314084013,
                "recall": 0.7076271186440678,
                "f1-score": 0.6851017594613874,
                "support": 944.0
            }
        }
    },
    "jacarezinho": {
        "accuracy": 94.97406340057637,
        "classification_report": {
            "favela": {
                "precision": 0.9548489107519326,
                "recall": 0.9681154257214107,
                "f1-score": 0.9614364054484345,
                "support": 5614.0
            },
            "not-favela": {
                "precision": 0.9399932953402614,
                "recall": 0.9160405096373734,
                "f1-score": 0.927862342819325,
                "support": 3061.0
            },
            "accuracy": 0.9497406340057637,
            "macro avg": {
                "precision": 0.9474211030460971,
                "recall": 0.942077967679392,
                "f1-score": 0.9446493741338797,
                "support": 8675.0
            },
            "weighted avg": {
                "precision": 0.949607061901774,
                "recall": 0.9497406340057637,
                "f1-score": 0.9495896958567681,
                "support": 8675.0
            }
        }
    },
    "morro_da_guaiba": {
        "accuracy": 78.4167289021658,
        "classification_report": {
            "favela": {
                "precision": 0.8963414634146342,
                "recall": 0.7827476038338658,
                "f1-score": 0.8357021034678794,
                "support": 939.0
            },
            "not-favela": {
                "precision": 0.6069364161849711,
                "recall": 0.7875,
                "f1-score": 0.6855277475516867,
                "support": 400.0
            },
            "accuracy": 0.784167289021658,
            "macro avg": {
                "precision": 0.7516389397998027,
                "recall": 0.7851238019169329,
                "f1-score": 0.760614925509783,
                "support": 1339.0
            },
            "weighted avg": {
                "precision": 0.8098873791040551,
                "recall": 0.784167289021658,
                "f1-score": 0.7908404586833558,
                "support": 1339.0
            }
        }
    },
    "nova_cidade": {
        "accuracy": 67.64644569522619,
        "classification_report": {
            "favela": {
                "precision": 0.7117834394904459,
                "recall": 0.9165202108963093,
                "f1-score": 0.8012804097311139,
                "support": 3414.0
            },
            "not-favela": {
                "precision": 0.2892768079800499,
                "recall": 0.08387563268257411,
                "f1-score": 0.13004484304932734,
                "support": 1383.0
            },
            "accuracy": 0.6764644569522619,
            "macro avg": {
                "precision": 0.5005301237352479,
                "recall": 0.5001979217894417,
                "f1-score": 0.4656626263902206,
                "support": 4797.0
            },
            "weighted avg": {
                "precision": 0.5899725845021454,
                "recall": 0.6764644569522619,
                "f1-score": 0.6077597116446202,
                "support": 4797.0
            }
        }
    },
    "rocinha": {
        "accuracy": 90.30513176144244,
        "classification_report": {
            "favela": {
                "precision": 0.864476386036961,
                "recall": 0.9255653266331658,
                "f1-score": 0.893978462005157,
                "support": 3184.0
            },
            "not-favela": {
                "precision": 0.9376479873717443,
                "recall": 0.8852459016393442,
                "f1-score": 0.9106937523955538,
                "support": 4026.0
            },
            "accuracy": 0.9030513176144244,
            "macro avg": {
                "precision": 0.9010621867043527,
                "recall": 0.905405614136255,
                "f1-score": 0.9023361072003554,
                "support": 7210.0
            },
            "weighted avg": {
                "precision": 0.90533475871017,
                "recall": 0.9030513176144244,
                "f1-score": 0.9033121317848708,
                "support": 7210.0
            }
        }
    }
}