,precision,recall,f1-score,support
favela,0.9527889491169785,0.9706091913074457,0.9616165181328863,5614.0
not-favela,0.9441813261163735,0.9117935315256452,0.927704836297158,3061.0
accuracy,0.9498559077809798,0.9498559077809798,0.9498559077809798,0.9498559077809798
macro avg,0.9484851376166761,0.9412013614165455,0.9446606772150221,8675.0
weighted avg,0.9497517232950936,0.9498559077809798,0.9496506785825505,8675.0
