,precision,recall,f1-score,support
favela,0.9463276836158192,0.9710144927536232,0.9585121602288984,690.0
not-favela,0.9152542372881356,0.8503937007874016,0.8816326530612245,254.0
accuracy,0.9385593220338984,0.9385593220338984,0.9385593220338984,0.9385593220338984
macro avg,0.9307909604519774,0.9107040967705125,0.9200724066450614,944.0
weighted avg,0.937966819879345,0.9385593220338984,0.9378263606308166,944.0
