,precision,recall,f1-score,support
favela,0.9475177304964539,0.9681159420289855,0.9577060931899641,690.0
not-favela,0.9079497907949791,0.8543307086614174,0.8803245436105477,254.0
accuracy,0.9375,0.9375,0.9375,0.9375
macro avg,0.9277337606457166,0.9112233253452015,0.9190153184002559,944.0
weighted avg,0.9368712721445741,0.9375,0.93688521014635,944.0
