,precision,recall,f1-score,support
favela,0.8658536585365854,0.6893203883495146,0.7675675675675676,103.0
not-favela,0.8980891719745223,0.962457337883959,0.929159802306425,293.0
accuracy,0.8914141414141414,0.8914141414141414,0.8914141414141414,0.8914141414141414
macro avg,0.8819714152555538,0.8258888631167368,0.8483636849369963,396.0
weighted avg,0.8897046823681903,0.8914141414141414,0.8871294988263686,396.0
