,precision,recall,f1-score,support
favela,0.8949860724233983,0.9411247803163445,0.9174757281553398,3414.0
not-favela,0.8334714167357083,0.7274041937816341,0.7768339768339768,1383.0
accuracy,0.8795080258494893,0.8795080258494893,0.8795080258494893,0.8795080258494893
macro avg,0.8642287445795533,0.8342644870489893,0.8471548524946584,4797.0
weighted avg,0.8772510778817942,0.8795080258494893,0.8769279812140339,4797.0
