,precision,recall,f1-score,support
favela,0.8994694219491762,0.9434680726420621,0.9209435310936384,3414.0
not-favela,0.8412828947368421,0.7396963123644251,0.7872258560984994,1383.0
accuracy,0.8847196164269335,0.8847196164269335,0.8847196164269335,0.8847196164269335
macro avg,0.8703761583430092,0.8415821925032436,0.8540846935960689,4797.0
weighted avg,0.8826939441224809,0.8847196164269335,0.8823920312982919,4797.0
